<?xml version="1.0" encoding="UTF-8" ?>
<!DOCTYPE mapper PUBLIC "-//mybatis.org//DTD Mapper 3.0//EN" 
	"http://mybatis.org/dtd/mybatis-3-mapper.dtd">
<!-- name space는 UserRepo의 fully qualified name으로 설정한다. -->
<mapper namespace="com.ssafy.hw.model.dao.UserDao">

	<!-- 사용자 정보를 저장한다. id는 repo클래스의 메소드 이름과 일치시킨다. -->
	<insert id="insert" parameterType="User">
		INSERT INTO users (id, password, name, email, age)
		VALUES(#{id}, #{password}, #{name}, #{email}, #{age})
	</insert>
	
	<delete id="delete" parameterType="string">
		DELETE FROM users
		WHERE id = #{id}
	</delete>
	
	<update id="update" parameterType="User">
		UPDATE users
		SET password = #{password} , name = #{name} , email = #{email}, age = #{age}
		WHERE id = #{id}
	</update>
	
	<select id="searchById" parameterType="string" resultType="User">
		SELECT *
		FROM users WHERE id = #{id}
	</select>

	<select id="searchByName" parameterType="string" resultType="User">
		SELECT *
		FROM users WHERE name LIKE
		CONCAT('%',#{name},'%')
	</select>

	<!-- 모든 사용자 정보를 검색한다. id는 repo클래스의 메소드 이름과 일치시킨다. -->
	<select id="selectAll" resultType="User">
		SELECT * FROM users
	</select>
	
	<select id="searchByCondition" parameterType="SearchCondition" resultType="User">
		SELECT * FROM users
		<if test="key!='none'">
			WHERE ${key} LIKE CONCAT('%' #{word} '%')
		</if>
		<if test="orderBy!='none'">
			ORDER BY ${orderBy} ${orderByDir}
		</if>
	</select>

	
</mapper>