<?xml version="1.0" encoding="UTF-8" ?>
<!DOCTYPE mapper PUBLIC "-//mybatis.org//DTD Mapper 3.0//EN" 
	"http://mybatis.org/dtd/mybatis-3-mapper.dtd">

<mapper namespace="com.ssafy.ws.model.mapper.BoardDao">
	<insert id="insertBoard" parameterType="map">
		insert into board (
			name, 
			description, 
			created_at)
		values ( 
			#{boardName}, 
			#{description}, 
			now())
	</insert>
	
	<select id="selectBoards" resultType="BoardDto" resultMap="boardMap">
		SELECT 	b.id as id, 
			b.name as name, 
			b.description as description, 
			b.created_at as created_at,
    		(SELECT IFNULL(COUNT(*),0) FROM article a WHERE a.board_id = b.id) as total_item_count
		FROM board b
	</select>
	
	<select id="selectBoard" parameterType="map" resultType="BoardDto" resultMap="boardMap">
		SELECT 	b.id as id, 
			b.name as name, 
			b.description as description, 
			b.created_at as created_at,
    		(
    			SELECT IFNULL(count(*),0) FROM article a, user u 
    			WHERE a.board_id = #{boardId}
    			AND a.user_seq = u.user_seq
    			<include refid="search"></include>
    		) as total_item_count
		FROM board b
    	WHERE b.id=#{boardId}
	</select>
	
	<update id="updateBoard" parameterType="BoardDto">
		UPDATE board
		   SET name = #{boardName}, 
			   description = #{description}
		 WHERE id = #{boardId}
	</update>
	<delete id="deleteBoard" parameterType="int">
		DELETE FROM board where id = #{boardId}
	</delete>
	
	<sql id="search">
		<if test="keyword != null and keyword != ''">
			<if test="keytype == 'nickname'">
				AND u.nickname = #{keyword}
			</if>
			<if test="keytype != 'nickname'">
				AND a.${keytype} LIKE CONCAT('%', #{keyword}, '%')
			</if>
		</if>
	</sql>
	
	<resultMap type="map" id="boardMap">
		<result property="boardId" column="id"/>
		<result property="boardName" column="name"/>
		<result property="description" column="description"/>
		<result property="createdAt" column="created_at"/>
		<result property="totalItemCount" column="total_item_count"/>
	</resultMap>
	
</mapper>