[
  {
    "articleId": 1,
    "boardSeq": 3,
    "user": "따봉맨",
    "title": "Python 단기 학습방법",
    "content": "Lorem ipsum dolor sit amet, consectetur adipiscing elit, sed do eiusmod tempor incididunt ut labore et dolore magna aliqua. Quis viverra nibh cras pulvinar mattis nunc sed blandit. Eu ultrices vitae auctor eu augue. Vitae turpis massa sed elementum tempus. Congue quisque egestas diam in arcu cursus. Scelerisque purus semper eget duis at tellus at urna. Mattis vulputate enim nulla aliquet. ",
    "files": [],
    "like": 12,
    "dislike": 0,
    "viewCnt": 50,
    "createDate": "2021-06-27"
  },
  {
    "articleId": 2,
    "boardSeq": 3,
    "user": "삼식이",
    "title": "Javascript의 역사",
    "content": "Lorem ipsum dolor sit amet, consectetur adipiscing elit, sed do eiusmod tempor incididunt ut labore et dolore magna aliqua. Quis viverra nibh cras pulvinar mattis nunc sed blandit. Eu ultrices vitae auctor eu augue. Vitae turpis massa sed elementum tempus. Congue quisque egestas diam in arcu cursus. Scelerisque purus semper eget duis at tellus at urna. Mattis vulputate enim nulla aliquet. ",
    "files": [],
    "like": 12,
    "dislike": 0,
    "viewCnt": 100,
    "createDate": "2022-03-01"
  },
  {
    "articleId": 3,
    "boardSeq": 3,
    "user": "김싸피",
    "title": "프론트엔드? 백엔드? 나의 적성은...",
    "content": "Lorem ipsum dolor sit amet, consectetur adipiscing elit, sed do eiusmod tempor incididunt ut labore et dolore magna aliqua. Quis viverra nibh cras pulvinar mattis nunc sed blandit. Eu ultrices vitae auctor eu augue. Vitae turpis massa sed elementum tempus. Congue quisque egestas diam in arcu cursus. Scelerisque purus semper eget duis at tellus at urna. Mattis vulputate enim nulla aliquet. ",
    "files": [],
    "like": 0,
    "dislike": 0,
    "viewCnt": 73,
    "createDate": "2022-03-28"
  },
  {
    "articleId": 4,
    "boardSeq": 3,
    "user": "ssafy.hong",
    "title": "Spring 프레임워크",
    "content": "Lorem ipsum dolor sit amet, consectetur adipiscing elit, sed do eiusmod tempor incididunt ut labore et dolore magna aliqua. Quis viverra nibh cras pulvinar mattis nunc sed blandit. Eu ultrices vitae auctor eu augue. Vitae turpis massa sed elementum tempus. Congue quisque egestas diam in arcu cursus. Scelerisque purus semper eget duis at tellus at urna. Mattis vulputate enim nulla aliquet. ",
    "files": [],
    "like": 5,
    "dislike": 0,
    "viewCnt": 12,
    "createDate": "2022-05-15"
  },
  {
    "articleId": 5,
    "boardSeq": 3,
    "user": "김싸피",
    "title": "Vue.js 완전정복",
    "content": "Lorem ipsum dolor sit amet, consectetur adipiscing elit, sed do eiusmod tempor incididunt ut labore et dolore magna aliqua. Quis viverra nibh cras pulvinar mattis nunc sed blandit. Eu ultrices vitae auctor eu augue. Vitae turpis massa sed elementum tempus. Congue quisque egestas diam in arcu cursus. Scelerisque purus semper eget duis at tellus at urna. Mattis vulputate enim nulla aliquet. ",
    "files": [],
    "like": 1,
    "dislike": 0,
    "viewCnt": 10,
    "createDate": "2022-06-27"
  },
  {
    "articleId": 6,
    "boardSeq": 3,
    "user": "김싸피",
    "title": "Vue.js 완전정복2",
    "content": "Lorem ipsum dolor sit amet, consectetur adipiscing elit, sed do eiusmod tempor incididunt ut labore et dolore magna aliqua. Quis viverra nibh cras pulvinar mattis nunc sed blandit. Eu ultrices vitae auctor eu augue. Vitae turpis massa sed elementum tempus. Congue quisque egestas diam in arcu cursus. Scelerisque purus semper eget duis at tellus at urna. Mattis vulputate enim nulla aliquet. ",
    "files": [],
    "like": 12,
    "dislike": 0,
    "viewCnt": 50,
    "createDate": "2022-06-27"
  },
  {
    "articleId": 7,
    "boardSeq": 3,
    "user": "김싸피",
    "title": "Vue.js 완전정복3",
    "content": "Lorem ipsum dolor sit amet, consectetur adipiscing elit, sed do eiusmod tempor incididunt ut labore et dolore magna aliqua. Quis viverra nibh cras pulvinar mattis nunc sed blandit. Eu ultrices vitae auctor eu augue. Vitae turpis massa sed elementum tempus. Congue quisque egestas diam in arcu cursus. Scelerisque purus semper eget duis at tellus at urna. Mattis vulputate enim nulla aliquet. ",
    "files": [],
    "like": 12,
    "dislike": 0,
    "viewCnt": 100,
    "createDate": "2022-06-28"
  },
  {
    "articleId": 8,
    "boardSeq": 3,
    "user": "따봉맨",
    "title": "프론트엔드 개발자란",
    "content": "Lorem ipsum dolor sit amet, consectetur adipiscing elit, sed do eiusmod tempor incididunt ut labore et dolore magna aliqua. Quis viverra nibh cras pulvinar mattis nunc sed blandit. Eu ultrices vitae auctor eu augue. Vitae turpis massa sed elementum tempus. Congue quisque egestas diam in arcu cursus. Scelerisque purus semper eget duis at tellus at urna. Mattis vulputate enim nulla aliquet. ",
    "files": [],
    "like": 0,
    "dislike": 0,
    "viewCnt": 73,
    "createDate": "2022-07-18"
  },
  {
    "articleId": 9,
    "boardSeq": 3,
    "user": "ssafy.hong",
    "title": "Spring 프레임워크 후속편",
    "content": "Lorem ipsum dolor sit amet, consectetur adipiscing elit, sed do eiusmod tempor incididunt ut labore et dolore magna aliqua. Quis viverra nibh cras pulvinar mattis nunc sed blandit. Eu ultrices vitae auctor eu augue. Vitae turpis massa sed elementum tempus. Congue quisque egestas diam in arcu cursus. Scelerisque purus semper eget duis at tellus at urna. Mattis vulputate enim nulla aliquet. ",
    "files": [],
    "like": 5,
    "dislike": 0,
    "viewCnt": 12,
    "createDate": "2022-07-20"
  },
  {
    "articleId": 10,
    "boardSeq": 3,
    "user": "삼식이",
    "title": "클린코드",
    "content": "Lorem ipsum dolor sit amet, consectetur adipiscing elit, sed do eiusmod tempor incididunt ut labore et dolore magna aliqua. Quis viverra nibh cras pulvinar mattis nunc sed blandit. Eu ultrices vitae auctor eu augue. Vitae turpis massa sed elementum tempus. Congue quisque egestas diam in arcu cursus. Scelerisque purus semper eget duis at tellus at urna. Mattis vulputate enim nulla aliquet. ",
    "files": ["클린코드 팁.txt", "클린코드예시.png"],
    "like": 4,
    "dislike": 1,
    "viewCnt": 10,
    "createDate": "2022-08-01"
  },
  {
    "articleId": 11,
    "boardSeq": 0,
    "user": "김싸피",
    "title": "공지사항 1",
    "content": "Lorem ipsum dolor sit amet, consectetur adipiscing elit, sed do eiusmod tempor incididunt ut labore et dolore magna aliqua. Quis viverra nibh cras pulvinar mattis nunc sed blandit. Eu ultrices vitae auctor eu augue. Vitae turpis massa sed elementum tempus. Congue quisque egestas diam in arcu cursus. Scelerisque purus semper eget duis at tellus at urna. Mattis vulputate enim nulla aliquet. ",
    "files": [],
    "like": 0,
    "dislike": 0,
    "viewCnt": 0,
    "createDate": "2022-08-01"
  },
  {
    "articleId": 12,
    "boardSeq": 0,
    "user": "김싸피",
    "title": "공지사항 2",
    "content": "Lorem ipsum dolor sit amet, consectetur adipiscing elit, sed do eiusmod tempor incididunt ut labore et dolore magna aliqua. Quis viverra nibh cras pulvinar mattis nunc sed blandit. Eu ultrices vitae auctor eu augue. Vitae turpis massa sed elementum tempus. Congue quisque egestas diam in arcu cursus. Scelerisque purus semper eget duis at tellus at urna. Mattis vulputate enim nulla aliquet. ",
    "files": [],
    "like": 0,
    "dislike": 0,
    "viewCnt": 0,
    "createDate": "2022-08-01"
  },
  {
    "articleId": 13,
    "boardSeq": 0,
    "user": "김싸피",
    "title": "공지사항 3",
    "content": "Lorem ipsum dolor sit amet, consectetur adipiscing elit, sed do eiusmod tempor incididunt ut labore et dolore magna aliqua. Quis viverra nibh cras pulvinar mattis nunc sed blandit. Eu ultrices vitae auctor eu augue. Vitae turpis massa sed elementum tempus. Congue quisque egestas diam in arcu cursus. Scelerisque purus semper eget duis at tellus at urna. Mattis vulputate enim nulla aliquet. ",
    "files": [],
    "like": 0,
    "dislike": 0,
    "viewCnt": 0,
    "createDate": "2022-08-01"
  },
  {
    "articleId": 14,
    "boardSeq": 0,
    "user": "김싸피",
    "title": "공지사항 4",
    "content": "Lorem ipsum dolor sit amet, consectetur adipiscing elit, sed do eiusmod tempor incididunt ut labore et dolore magna aliqua. Quis viverra nibh cras pulvinar mattis nunc sed blandit. Eu ultrices vitae auctor eu augue. Vitae turpis massa sed elementum tempus. Congue quisque egestas diam in arcu cursus. Scelerisque purus semper eget duis at tellus at urna. Mattis vulputate enim nulla aliquet. ",
    "files": [],
    "like": 0,
    "dislike": 0,
    "viewCnt": 0,
    "createDate": "2022-08-01"
  },
  {
    "articleId": 15,
    "boardSeq": 0,
    "user": "김싸피",
    "title": "공지사항 5",
    "content": "Lorem ipsum dolor sit amet, consectetur adipiscing elit, sed do eiusmod tempor incididunt ut labore et dolore magna aliqua. Quis viverra nibh cras pulvinar mattis nunc sed blandit. Eu ultrices vitae auctor eu augue. Vitae turpis massa sed elementum tempus. Congue quisque egestas diam in arcu cursus. Scelerisque purus semper eget duis at tellus at urna. Mattis vulputate enim nulla aliquet. ",
    "files": [],
    "like": 0,
    "dislike": 0,
    "viewCnt": 0,
    "createDate": "2022-08-01"
  },
  {
    "articleId": 16,
    "boardSeq": 1,
    "user": "프린스송",
    "title": "코딩테스트란",
    "content": "Lorem ipsum dolor sit amet, consectetur adipiscing elit, sed do eiusmod tempor incididunt ut labore et dolore magna aliqua. Quis viverra nibh cras pulvinar mattis nunc sed blandit. Eu ultrices vitae auctor eu augue. Vitae turpis massa sed elementum tempus. Congue quisque egestas diam in arcu cursus. Scelerisque purus semper eget duis at tellus at urna. Mattis vulputate enim nulla aliquet. ",
    "files": [],
    "like": 0,
    "dislike": 0,
    "viewCnt": 0,
    "createDate": "2022-08-01"
  },
  {
    "articleId": 17,
    "boardSeq": 1,
    "user": "프린스송",
    "title": "Python 코딩테스트 응시",
    "content": "Lorem ipsum dolor sit amet, consectetur adipiscing elit, sed do eiusmod tempor incididunt ut labore et dolore magna aliqua. Quis viverra nibh cras pulvinar mattis nunc sed blandit. Eu ultrices vitae auctor eu augue. Vitae turpis massa sed elementum tempus. Congue quisque egestas diam in arcu cursus. Scelerisque purus semper eget duis at tellus at urna. Mattis vulputate enim nulla aliquet. ",
    "files": [],
    "like": 0,
    "dislike": 0,
    "viewCnt": 0,
    "createDate": "2022-08-01"
  },
  {
    "articleId": 18,
    "boardSeq": 1,
    "user": "프린스송",
    "title": "Java 코딩테스트 응시",
    "content": "Lorem ipsum dolor sit amet, consectetur adipiscing elit, sed do eiusmod tempor incididunt ut labore et dolore magna aliqua. Quis viverra nibh cras pulvinar mattis nunc sed blandit. Eu ultrices vitae auctor eu augue. Vitae turpis massa sed elementum tempus. Congue quisque egestas diam in arcu cursus. Scelerisque purus semper eget duis at tellus at urna. Mattis vulputate enim nulla aliquet. ",
    "files": [],
    "like": 0,
    "dislike": 0,
    "viewCnt": 0,
    "createDate": "2022-08-01"
  },
  {
    "articleId": 19,
    "boardSeq": 2,
    "user": "따봉맨",
    "title": "취업을 잘하기 위해서는",
    "content": "Lorem ipsum dolor sit amet, consectetur adipiscing elit, sed do eiusmod tempor incididunt ut labore et dolore magna aliqua. Quis viverra nibh cras pulvinar mattis nunc sed blandit. Eu ultrices vitae auctor eu augue. Vitae turpis massa sed elementum tempus. Congue quisque egestas diam in arcu cursus. Scelerisque purus semper eget duis at tellus at urna. Mattis vulputate enim nulla aliquet. ",
    "files": [],
    "like": 0,
    "dislike": 0,
    "viewCnt": 0,
    "createDate": "2022-08-01"
  },
  {
    "articleId": 20,
    "boardSeq": 2,
    "user": "따봉맨",
    "title": "기업 분석하는 방법",
    "content": "Lorem ipsum dolor sit amet, consectetur adipiscing elit, sed do eiusmod tempor incididunt ut labore et dolore magna aliqua. Quis viverra nibh cras pulvinar mattis nunc sed blandit. Eu ultrices vitae auctor eu augue. Vitae turpis massa sed elementum tempus. Congue quisque egestas diam in arcu cursus. Scelerisque purus semper eget duis at tellus at urna. Mattis vulputate enim nulla aliquet. ",
    "files": [],
    "like": 0,
    "dislike": 0,
    "viewCnt": 0,
    "createDate": "2022-08-01"
  },
  {
    "articleId": 21,
    "boardSeq": 2,
    "user": "따봉맨",
    "title": "자기소개서 잘쓰기",
    "content": "Lorem ipsum dolor sit amet, consectetur adipiscing elit, sed do eiusmod tempor incididunt ut labore et dolore magna aliqua. Quis viverra nibh cras pulvinar mattis nunc sed blandit. Eu ultrices vitae auctor eu augue. Vitae turpis massa sed elementum tempus. Congue quisque egestas diam in arcu cursus. Scelerisque purus semper eget duis at tellus at urna. Mattis vulputate enim nulla aliquet. ",
    "files": [],
    "like": 0,
    "dislike": 0,
    "viewCnt": 0,
    "createDate": "2022-08-01"
  },
  {
    "articleId": 22,
    "boardSeq": 2,
    "user": "따봉맨",
    "title": "면접 시 주의사항",
    "content": "Lorem ipsum dolor sit amet, consectetur adipiscing elit, sed do eiusmod tempor incididunt ut labore et dolore magna aliqua. Quis viverra nibh cras pulvinar mattis nunc sed blandit. Eu ultrices vitae auctor eu augue. Vitae turpis massa sed elementum tempus. Congue quisque egestas diam in arcu cursus. Scelerisque purus semper eget duis at tellus at urna. Mattis vulputate enim nulla aliquet. ",
    "files": [],
    "like": 0,
    "dislike": 0,
    "viewCnt": 0,
    "createDate": "2022-08-01"
  }
]
