[
  {
    "boardSeq": 0,
    "boardName": "SSAFY 공지사항",
    "boardDesc": "공지사항이 올라오는 게시판입니다." 
  },
  {
    "boardSeq": 1,
    "boardName": "코딩테스트 정보방",
    "boardDesc": "코딩테스트 관련 정보를 공유하는 게시판입니다." 
  },
  {
    "boardSeq": 2,
    "boardName": "취업 정보방",
    "boardDesc": "기업 채용 공고 및 취업 팁을 공유하는 게시판" 
  },
  {
    "boardSeq": 3,
    "boardName": "프로그래밍 지식게시판",
    "boardDesc": "IT 관련 지식을 공유하는 게시판입니다." 
  }
]

